full_name,city_postcode,country,reference_n,invoice_date,invoice_n,product_n,product_name,delivery,qty,price,description,subtotal,gst,total
Donna Duncan,Robertshire 76611,South Africa,354913,2022-07-18,AKD-38625975283,1,Parallels Toolbox (INCLUDED FOR FREE),electronic,1,AU$ 97,All-in-one solution with over 30 tools for macOS and Windows,1907,190.7,2097.7
Donna Duncan,Robertshire 76611,South Africa,354913,2022-07-18,AKD-38625975283,2,Parallels Desktop for Mac Pro Edition (1 Year),electronic,3,AU$ 92,Run Windows on your Mac! Duration: 12 month(s),1907,190.7,2097.7
Donna Duncan,Robertshire 76611,South Africa,354913,2022-07-18,AKD-38625975283,3,Parallels Access (INCLUDED FOR FREE),electronic,2,AU$ 142,Access your desktop applications like they were made for your iOS or Android device,1907,190.7,2097.7
Donna Duncan,Robertshire 76611,South Africa,354913,2022-07-18,AKD-38625975283,4,Parallels Toolbox (INCLUDED FOR FREE),electronic,2,AU$ 140,All-in-one solution with over 30 tools for macOS and Windows,1907,190.7,2097.7
Donna Duncan,Robertshire 76611,South Africa,354913,2022-07-18,AKD-38625975283,5,Parallels Toolbox (INCLUDED FOR FREE),electronic,5,AU$ 194,All-in-one solution with over 30 tools for macOS and Windows,1907,190.7,2097.7
Pamela Atkins,Flemingside 71249,Pakistan,712760,2022-12-11,AKD-34004739222,1,Parallels Toolbox (INCLUDED FOR FREE),electronic,4,AU$ 91,All-in-one solution with over 30 tools for macOS and Windows,364,36.4,400.4
Mark Evans,Lake Shawn 70165,Philippines,738777,2022-08-01,AKD-84054319876,1,Parallels Access (INCLUDED FOR FREE),electronic,2,AU$ 119,Access your desktop applications like they were made for your iOS or Android device,1115,111.5,1226.5
Mark Evans,Lake Shawn 70165,Philippines,738777,2022-08-01,AKD-84054319876,2,Parallels Access (INCLUDED FOR FREE),electronic,2,AU$ 107,Access your desktop applications like they were made for your iOS or Android device,1115,111.5,1226.5
Mark Evans,Lake Shawn 70165,Philippines,738777,2022-08-01,AKD-84054319876,3,Parallels Desktop for Mac Pro Edition (1 Year),electronic,2,AU$ 58,Run Windows on your Mac! Duration: 12 month(s),1115,111.5,1226.5
Mark Evans,Lake Shawn 70165,Philippines,738777,2022-08-01,AKD-84054319876,4,Parallels Desktop for Mac Pro Edition (1 Year),electronic,1,AU$ 149,Run Windows on your Mac! Duration: 12 month(s),1115,111.5,1226.5
Mark Evans,Lake Shawn 70165,Philippines,738777,2022-08-01,AKD-84054319876,5,Parallels Desktop for Mac Pro Edition (1 Year),electronic,2,AU$ 199,Run Windows on your Mac! Duration: 12 month(s),1115,111.5,1226.5
Cassie Sanchez,East Jason 82674,Croatia,224057,2022-08-27,AKD-15370389629,1,Parallels Desktop for Mac Pro Edition (1 Year),electronic,5,AU$ 94,Run Windows on your Mac! Duration: 12 month(s),470,47.0,517.0
Joy Smith,Walkershire 13673,Tanzania,897369,2022-10-26,AKD-37228049372,1,Parallels Desktop for Mac Pro Edition (1 Year),electronic,4,AU$ 183,Run Windows on your Mac! Duration: 12 month(s),732,73.2,805.2
Jonathan Boyd,Bensonville 24964,Malaysia,822184,2022-04-15,AKD-77699711267,1,Parallels Desktop for Mac Pro Edition (1 Year),electronic,4,AU$ 158,Run Windows on your Mac! Duration: 12 month(s),2301,230.1,2531.1
Jonathan Boyd,Bensonville 24964,Malaysia,822184,2022-04-15,AKD-77699711267,2,Parallels Toolbox (INCLUDED FOR FREE),electronic,3,AU$ 103,All-in-one solution with over 30 tools for macOS and Windows,2301,230.1,2531.1
Jonathan Boyd,Bensonville 24964,Malaysia,822184,2022-04-15,AKD-77699711267,3,Parallels Toolbox (INCLUDED FOR FREE),electronic,5,AU$ 168,All-in-one solution with over 30 tools for macOS and Windows,2301,230.1,2531.1
Jonathan Boyd,Bensonville 24964,Malaysia,822184,2022-04-15,AKD-77699711267,4,Parallels Toolbox (INCLUDED FOR FREE),electronic,5,AU$ 104,All-in-one solution with over 30 tools for macOS and Windows,2301,230.1,2531.1
Catherine Cunningham,Christianburgh 56412,Gambia,138553,2022-09-28,AKD-95803284631,1,Parallels Desktop for Mac Pro Edition (1 Year),electronic,2,AU$ 183,Run Windows on your Mac! Duration: 12 month(s),651,65.1,716.1
Catherine Cunningham,Christianburgh 56412,Gambia,138553,2022-09-28,AKD-95803284631,2,Parallels Desktop for Mac Pro Edition (1 Year),electronic,5,AU$ 57,Run Windows on your Mac! Duration: 12 month(s),651,65.1,716.1
Sandra Riley,Donovanville 24393,Djibouti,701537,2022-05-25,AKD-28541070736,1,Parallels Access (INCLUDED FOR FREE),electronic,2,AU$ 98,Access your desktop applications like they were made for your iOS or Android device,1792,179.2,1971.2
Sandra Riley,Donovanville 24393,Djibouti,701537,2022-05-25,AKD-28541070736,2,Parallels Desktop for Mac Pro Edition (1 Year),electronic,4,AU$ 65,Run Windows on your Mac! Duration: 12 month(s),1792,179.2,1971.2
Sandra Riley,Donovanville 24393,Djibouti,701537,2022-05-25,AKD-28541070736,3,Parallels Desktop for Mac Pro Edition (1 Year),electronic,3,AU$ 87,Run Windows on your Mac! Duration: 12 month(s),1792,179.2,1971.2
Sandra Riley,Donovanville 24393,Djibouti,701537,2022-05-25,AKD-28541070736,4,Parallels Toolbox (INCLUDED FOR FREE),electronic,2,AU$ 160,All-in-one solution with over 30 tools for macOS and Windows,1792,179.2,1971.2
Sandra Riley,Donovanville 24393,Djibouti,701537,2022-05-25,AKD-28541070736,5,Parallels Desktop for Mac Pro Edition (1 Year),electronic,5,AU$ 151,Run Windows on your Mac! Duration: 12 month(s),1792,179.2,1971.2
Christopher Huff,Lake Michael 39758,Cameroon,290301,2022-04-21,AKD-42575447299,1,Parallels Toolbox (INCLUDED FOR FREE),electronic,5,AU$ 76,All-in-one solution with over 30 tools for macOS and Windows,632,63.2,695.2
Christopher Huff,Lake Michael 39758,Cameroon,290301,2022-04-21,AKD-42575447299,2,Parallels Desktop for Mac Pro Edition (1 Year),electronic,4,AU$ 63,Run Windows on your Mac! Duration: 12 month(s),632,63.2,695.2
Rachel Brady,Jessicahaven 30211,Guinea-Bissau,223301,2022-04-22,AKD-69978898215,1,Parallels Desktop for Mac Pro Edition (1 Year),electronic,5,AU$ 127,Run Windows on your Mac! Duration: 12 month(s),2419,241.9,2660.9
Rachel Brady,Jessicahaven 30211,Guinea-Bissau,223301,2022-04-22,AKD-69978898215,2,Parallels Desktop for Mac Pro Edition (1 Year),electronic,3,AU$ 104,Run Windows on your Mac! Duration: 12 month(s),2419,241.9,2660.9
Rachel Brady,Jessicahaven 30211,Guinea-Bissau,223301,2022-04-22,AKD-69978898215,3,Parallels Toolbox (INCLUDED FOR FREE),electronic,4,AU$ 154,All-in-one solution with over 30 tools for macOS and Windows,2419,241.9,2660.9
Rachel Brady,Jessicahaven 30211,Guinea-Bissau,223301,2022-04-22,AKD-69978898215,4,Parallels Desktop for Mac Pro Edition (1 Year),electronic,5,AU$ 68,Run Windows on your Mac! Duration: 12 month(s),2419,241.9,2660.9
Rachel Brady,Jessicahaven 30211,Guinea-Bissau,223301,2022-04-22,AKD-69978898215,5,Parallels Access (INCLUDED FOR FREE),electronic,4,AU$ 129,Access your desktop applications like they were made for your iOS or Android device,2419,241.9,2660.9
Rachel Jones,Lake Maria 33864,Christmas Island,176818,2022-06-24,AKD-18823473860,1,Parallels Access (INCLUDED FOR FREE),electronic,4,AU$ 56,Access your desktop applications like they were made for your iOS or Android device,224,22.4,246.4
Brian Lawson,West Monicafort 35668,Brazil,687915,2022-08-31,AKD-59568143724,1,Parallels Desktop for Mac Pro Edition (1 Year),electronic,1,AU$ 75,Run Windows on your Mac! Duration: 12 month(s),271,27.1,298.1
Brian Lawson,West Monicafort 35668,Brazil,687915,2022-08-31,AKD-59568143724,2,Parallels Toolbox (INCLUDED FOR FREE),electronic,1,AU$ 196,All-in-one solution with over 30 tools for macOS and Windows,271,27.1,298.1
Linda Osborne,East Stevenmouth 42388,Niue,682947,2022-12-05,AKD-25205174255,1,Parallels Access (INCLUDED FOR FREE),electronic,3,AU$ 99,Access your desktop applications like they were made for your iOS or Android device,730,73.0,803.0
Linda Osborne,East Stevenmouth 42388,Niue,682947,2022-12-05,AKD-25205174255,2,Parallels Desktop for Mac Pro Edition (1 Year),electronic,2,AU$ 164,Run Windows on your Mac! Duration: 12 month(s),730,73.0,803.0
Linda Osborne,East Stevenmouth 42388,Niue,682947,2022-12-05,AKD-25205174255,3,Parallels Access (INCLUDED FOR FREE),electronic,1,AU$ 105,Access your desktop applications like they were made for your iOS or Android device,730,73.0,803.0
Peter Figueroa,Lake Wendy 54147,Sweden,266975,2022-08-23,AKD-39211400086,1,Parallels Desktop for Mac Pro Edition (1 Year),electronic,5,AU$ 180,Run Windows on your Mac! Duration: 12 month(s),1439,143.9,1582.9
Peter Figueroa,Lake Wendy 54147,Sweden,266975,2022-08-23,AKD-39211400086,2,Parallels Desktop for Mac Pro Edition (1 Year),electronic,1,AU$ 108,Run Windows on your Mac! Duration: 12 month(s),1439,143.9,1582.9
Peter Figueroa,Lake Wendy 54147,Sweden,266975,2022-08-23,AKD-39211400086,3,Parallels Access (INCLUDED FOR FREE),electronic,1,AU$ 69,Access your desktop applications like they were made for your iOS or Android device,1439,143.9,1582.9
Peter Figueroa,Lake Wendy 54147,Sweden,266975,2022-08-23,AKD-39211400086,4,Parallels Desktop for Mac Pro Edition (1 Year),electronic,1,AU$ 143,Run Windows on your Mac! Duration: 12 month(s),1439,143.9,1582.9
Peter Figueroa,Lake Wendy 54147,Sweden,266975,2022-08-23,AKD-39211400086,5,Parallels Desktop for Mac Pro Edition (1 Year),electronic,3,AU$ 73,Run Windows on your Mac! Duration: 12 month(s),1439,143.9,1582.9
Valerie Smith,Bakerport 11099,Malawi,755955,2023-01-15,AKD-36166224817,1,Parallels Access (INCLUDED FOR FREE),electronic,3,AU$ 107,Access your desktop applications like they were made for your iOS or Android device,2272,227.2,2499.2
Valerie Smith,Bakerport 11099,Malawi,755955,2023-01-15,AKD-36166224817,2,Parallels Desktop for Mac Pro Edition (1 Year),electronic,5,AU$ 82,Run Windows on your Mac! Duration: 12 month(s),2272,227.2,2499.2
Valerie Smith,Bakerport 11099,Malawi,755955,2023-01-15,AKD-36166224817,3,Parallels Desktop for Mac Pro Edition (1 Year),electronic,5,AU$ 190,Run Windows on your Mac! Duration: 12 month(s),2272,227.2,2499.2
Valerie Smith,Bakerport 11099,Malawi,755955,2023-01-15,AKD-36166224817,4,Parallels Toolbox (INCLUDED FOR FREE),electronic,3,AU$ 197,All-in-one solution with over 30 tools for macOS and Windows,2272,227.2,2499.2
Samuel Oneal,East Monicahaven 40657,Namibia,603628,2022-07-10,AKD-92148817782,1,Parallels Toolbox (INCLUDED FOR FREE),electronic,1,AU$ 83,All-in-one solution with over 30 tools for macOS and Windows,1570,157.0,1727.0
Samuel Oneal,East Monicahaven 40657,Namibia,603628,2022-07-10,AKD-92148817782,2,Parallels Toolbox (INCLUDED FOR FREE),electronic,3,AU$ 84,All-in-one solution with over 30 tools for macOS and Windows,1570,157.0,1727.0
Samuel Oneal,East Monicahaven 40657,Namibia,603628,2022-07-10,AKD-92148817782,3,Parallels Toolbox (INCLUDED FOR FREE),electronic,3,AU$ 100,All-in-one solution with over 30 tools for macOS and Windows,1570,157.0,1727.0
Samuel Oneal,East Monicahaven 40657,Namibia,603628,2022-07-10,AKD-92148817782,4,Parallels Desktop for Mac Pro Edition (1 Year),electronic,5,AU$ 112,Run Windows on your Mac! Duration: 12 month(s),1570,157.0,1727.0
Samuel Oneal,East Monicahaven 40657,Namibia,603628,2022-07-10,AKD-92148817782,5,Parallels Access (INCLUDED FOR FREE),electronic,5,AU$ 75,Access your desktop applications like they were made for your iOS or Android device,1570,157.0,1727.0
Debra Williamson,Khanbury 76090,Heard Island and McDonald Islands,557272,2022-05-08,AKD-52781583474,1,Parallels Access (INCLUDED FOR FREE),electronic,3,AU$ 156,Access your desktop applications like they were made for your iOS or Android device,1555,155.5,1710.5
Debra Williamson,Khanbury 76090,Heard Island and McDonald Islands,557272,2022-05-08,AKD-52781583474,2,Parallels Desktop for Mac Pro Edition (1 Year),electronic,4,AU$ 73,Run Windows on your Mac! Duration: 12 month(s),1555,155.5,1710.5
Debra Williamson,Khanbury 76090,Heard Island and McDonald Islands,557272,2022-05-08,AKD-52781583474,3,Parallels Access (INCLUDED FOR FREE),electronic,5,AU$ 159,Access your desktop applications like they were made for your iOS or Android device,1555,155.5,1710.5
Joel Bell,East Brittany 52493,Morocco,666975,2023-02-25,AKD-39278407680,1,Parallels Desktop for Mac Pro Edition (1 Year),electronic,1,AU$ 168,Run Windows on your Mac! Duration: 12 month(s),340,34.0,374.0
Joel Bell,East Brittany 52493,Morocco,666975,2023-02-25,AKD-39278407680,2,Parallels Desktop for Mac Pro Edition (1 Year),electronic,1,AU$ 172,Run Windows on your Mac! Duration: 12 month(s),340,34.0,374.0
Sylvia Arellano,Dixonfurt 68675,Saint Vincent and the Grenadines,783248,2022-05-25,AKD-69521851856,1,Parallels Desktop for Mac Pro Edition (1 Year),electronic,2,AU$ 168,Run Windows on your Mac! Duration: 12 month(s),336,33.6,369.6
Misty Clark,Port Richard 39092,Paraguay,718380,2022-09-18,AKD-59876394999,1,Parallels Toolbox (INCLUDED FOR FREE),electronic,3,AU$ 196,All-in-one solution with over 30 tools for macOS and Windows,1012,101.2,1113.2
Misty Clark,Port Richard 39092,Paraguay,718380,2022-09-18,AKD-59876394999,2,Parallels Access (INCLUDED FOR FREE),electronic,2,AU$ 52,Access your desktop applications like they were made for your iOS or Android device,1012,101.2,1113.2
Misty Clark,Port Richard 39092,Paraguay,718380,2022-09-18,AKD-59876394999,3,Parallels Access (INCLUDED FOR FREE),electronic,3,AU$ 73,Access your desktop applications like they were made for your iOS or Android device,1012,101.2,1113.2
Misty Clark,Port Richard 39092,Paraguay,718380,2022-09-18,AKD-59876394999,4,Parallels Access (INCLUDED FOR FREE),electronic,1,AU$ 101,Access your desktop applications like they were made for your iOS or Android device,1012,101.2,1113.2
Dalton Farmer,Reynoldsburgh 18343,Benin,185059,2022-04-22,AKD-10309181033,1,Parallels Toolbox (INCLUDED FOR FREE),electronic,3,AU$ 110,All-in-one solution with over 30 tools for macOS and Windows,1629,162.9,1791.9
Dalton Farmer,Reynoldsburgh 18343,Benin,185059,2022-04-22,AKD-10309181033,2,Parallels Toolbox (INCLUDED FOR FREE),electronic,4,AU$ 171,All-in-one solution with over 30 tools for macOS and Windows,1629,162.9,1791.9
Dalton Farmer,Reynoldsburgh 18343,Benin,185059,2022-04-22,AKD-10309181033,3,Parallels Toolbox (INCLUDED FOR FREE),electronic,2,AU$ 93,All-in-one solution with over 30 tools for macOS and Windows,1629,162.9,1791.9
Dalton Farmer,Reynoldsburgh 18343,Benin,185059,2022-04-22,AKD-10309181033,4,Parallels Desktop for Mac Pro Edition (1 Year),electronic,3,AU$ 143,Run Windows on your Mac! Duration: 12 month(s),1629,162.9,1791.9
Mark Jones,Port Anne 14901,New Zealand,758159,2022-11-16,AKD-68107309938,1,Parallels Access (INCLUDED FOR FREE),electronic,4,AU$ 138,Access your desktop applications like they were made for your iOS or Android device,1815,181.5,1996.5
Mark Jones,Port Anne 14901,New Zealand,758159,2022-11-16,AKD-68107309938,2,Parallels Desktop for Mac Pro Edition (1 Year),electronic,4,AU$ 112,Run Windows on your Mac! Duration: 12 month(s),1815,181.5,1996.5
Mark Jones,Port Anne 14901,New Zealand,758159,2022-11-16,AKD-68107309938,3,Parallels Access (INCLUDED FOR FREE),electronic,5,AU$ 163,Access your desktop applications like they were made for your iOS or Android device,1815,181.5,1996.5
Troy Griffin,East Carolyn 62579,Korea,260028,2022-04-17,AKD-84209883016,1,Parallels Toolbox (INCLUDED FOR FREE),electronic,1,AU$ 58,All-in-one solution with over 30 tools for macOS and Windows,1649,164.9,1813.9
Troy Griffin,East Carolyn 62579,Korea,260028,2022-04-17,AKD-84209883016,2,Parallels Toolbox (INCLUDED FOR FREE),electronic,4,AU$ 139,All-in-one solution with over 30 tools for macOS and Windows,1649,164.9,1813.9
Troy Griffin,East Carolyn 62579,Korea,260028,2022-04-17,AKD-84209883016,3,Parallels Toolbox (INCLUDED FOR FREE),electronic,4,AU$ 165,All-in-one solution with over 30 tools for macOS and Windows,1649,164.9,1813.9
Troy Griffin,East Carolyn 62579,Korea,260028,2022-04-17,AKD-84209883016,4,Parallels Desktop for Mac Pro Edition (1 Year),electronic,3,AU$ 125,Run Windows on your Mac! Duration: 12 month(s),1649,164.9,1813.9
Natalie Wilson,Jonesmouth 63624,Timor-Leste,680499,2022-07-17,AKD-41510798954,1,Parallels Access (INCLUDED FOR FREE),electronic,1,AU$ 160,Access your desktop applications like they were made for your iOS or Android device,925,92.5,1017.5
Natalie Wilson,Jonesmouth 63624,Timor-Leste,680499,2022-07-17,AKD-41510798954,2,Parallels Access (INCLUDED FOR FREE),electronic,4,AU$ 133,Access your desktop applications like they were made for your iOS or Android device,925,92.5,1017.5
Natalie Wilson,Jonesmouth 63624,Timor-Leste,680499,2022-07-17,AKD-41510798954,3,Parallels Desktop for Mac Pro Edition (1 Year),electronic,3,AU$ 52,Run Windows on your Mac! Duration: 12 month(s),925,92.5,1017.5
Natalie Wilson,Jonesmouth 63624,Timor-Leste,680499,2022-07-17,AKD-41510798954,4,Parallels Toolbox (INCLUDED FOR FREE),electronic,1,AU$ 77,All-in-one solution with over 30 tools for macOS and Windows,925,92.5,1017.5
Caitlin Shannon,New Lindsey 87112,Namibia,781176,2022-10-06,AKD-26886887316,1,Parallels Access (INCLUDED FOR FREE),electronic,3,AU$ 140,Access your desktop applications like they were made for your iOS or Android device,1680,168.0,1848.0
Caitlin Shannon,New Lindsey 87112,Namibia,781176,2022-10-06,AKD-26886887316,2,Parallels Desktop for Mac Pro Edition (1 Year),electronic,4,AU$ 90,Run Windows on your Mac! Duration: 12 month(s),1680,168.0,1848.0
Caitlin Shannon,New Lindsey 87112,Namibia,781176,2022-10-06,AKD-26886887316,3,Parallels Desktop for Mac Pro Edition (1 Year),electronic,5,AU$ 180,Run Windows on your Mac! Duration: 12 month(s),1680,168.0,1848.0
Carl Ramirez,South Theresa 62747,Ghana,264716,2022-09-13,AKD-33734014250,1,Parallels Toolbox (INCLUDED FOR FREE),electronic,4,AU$ 151,All-in-one solution with over 30 tools for macOS and Windows,1740,174.0,1914.0
Carl Ramirez,South Theresa 62747,Ghana,264716,2022-09-13,AKD-33734014250,2,Parallels Access (INCLUDED FOR FREE),electronic,3,AU$ 71,Access your desktop applications like they were made for your iOS or Android device,1740,174.0,1914.0
Carl Ramirez,South Theresa 62747,Ghana,264716,2022-09-13,AKD-33734014250,3,Parallels Access (INCLUDED FOR FREE),electronic,5,AU$ 160,Access your desktop applications like they were made for your iOS or Android device,1740,174.0,1914.0
Carl Ramirez,South Theresa 62747,Ghana,264716,2022-09-13,AKD-33734014250,4,Parallels Desktop for Mac Pro Edition (1 Year),electronic,1,AU$ 123,Run Windows on your Mac! Duration: 12 month(s),1740,174.0,1914.0
Norma Hamilton,Trujilloport 69911,Kyrgyz Republic,553402,2022-05-21,AKD-92004229777,1,Parallels Toolbox (INCLUDED FOR FREE),electronic,3,AU$ 88,All-in-one solution with over 30 tools for macOS and Windows,1474,147.4,1621.4
Norma Hamilton,Trujilloport 69911,Kyrgyz Republic,553402,2022-05-21,AKD-92004229777,2,Parallels Desktop for Mac Pro Edition (1 Year),electronic,1,AU$ 89,Run Windows on your Mac! Duration: 12 month(s),1474,147.4,1621.4
Norma Hamilton,Trujilloport 69911,Kyrgyz Republic,553402,2022-05-21,AKD-92004229777,3,Parallels Desktop for Mac Pro Edition (1 Year),electronic,3,AU$ 109,Run Windows on your Mac! Duration: 12 month(s),1474,147.4,1621.4
Norma Hamilton,Trujilloport 69911,Kyrgyz Republic,553402,2022-05-21,AKD-92004229777,4,Parallels Toolbox (INCLUDED FOR FREE),electronic,1,AU$ 114,All-in-one solution with over 30 tools for macOS and Windows,1474,147.4,1621.4
Norma Hamilton,Trujilloport 69911,Kyrgyz Republic,553402,2022-05-21,AKD-92004229777,5,Parallels Desktop for Mac Pro Edition (1 Year),electronic,4,AU$ 170,Run Windows on your Mac! Duration: 12 month(s),1474,147.4,1621.4
Bianca Cole,Port Erica 18590,Oman,364426,2022-09-28,AKD-66585057255,1,Parallels Toolbox (INCLUDED FOR FREE),electronic,1,AU$ 76,All-in-one solution with over 30 tools for macOS and Windows,1192,119.2,1311.2
Bianca Cole,Port Erica 18590,Oman,364426,2022-09-28,AKD-66585057255,2,Parallels Desktop for Mac Pro Edition (1 Year),electronic,4,AU$ 200,Run Windows on your Mac! Duration: 12 month(s),1192,119.2,1311.2
Bianca Cole,Port Erica 18590,Oman,364426,2022-09-28,AKD-66585057255,3,Parallels Desktop for Mac Pro Edition (1 Year),electronic,2,AU$ 106,Run Windows on your Mac! Duration: 12 month(s),1192,119.2,1311.2
Bianca Cole,Port Erica 18590,Oman,364426,2022-09-28,AKD-66585057255,4,Parallels Access (INCLUDED FOR FREE),electronic,2,AU$ 52,Access your desktop applications like they were made for your iOS or Android device,1192,119.2,1311.2
Michael Wood,New Paul 86529,Saint Kitts and Nevis,131600,2023-02-11,AKD-42937520875,1,Parallels Desktop for Mac Pro Edition (1 Year),electronic,5,AU$ 174,Run Windows on your Mac! Duration: 12 month(s),1137,113.7,1250.7
Michael Wood,New Paul 86529,Saint Kitts and Nevis,131600,2023-02-11,AKD-42937520875,2,Parallels Access (INCLUDED FOR FREE),electronic,3,AU$ 89,Access your desktop applications like they were made for your iOS or Android device,1137,113.7,1250.7
Kaitlin White,South Frankville 58427,Belize,599416,2022-08-24,AKD-65850540071,1,Parallels Desktop for Mac Pro Edition (1 Year),electronic,1,AU$ 94,Run Windows on your Mac! Duration: 12 month(s),1486,148.6,1634.6
Kaitlin White,South Frankville 58427,Belize,599416,2022-08-24,AKD-65850540071,2,Parallels Toolbox (INCLUDED FOR FREE),electronic,5,AU$ 50,All-in-one solution with over 30 tools for macOS and Windows,1486,148.6,1634.6
Kaitlin White,South Frankville 58427,Belize,599416,2022-08-24,AKD-65850540071,3,Parallels Toolbox (INCLUDED FOR FREE),electronic,3,AU$ 189,All-in-one solution with over 30 tools for macOS and Windows,1486,148.6,1634.6
Kaitlin White,South Frankville 58427,Belize,599416,2022-08-24,AKD-65850540071,4,Parallels Toolbox (INCLUDED FOR FREE),electronic,1,AU$ 115,All-in-one solution with over 30 tools for macOS and Windows,1486,148.6,1634.6
Kaitlin White,South Frankville 58427,Belize,599416,2022-08-24,AKD-65850540071,5,Parallels Toolbox (INCLUDED FOR FREE),electronic,5,AU$ 92,All-in-one solution with over 30 tools for macOS and Windows,1486,148.6,1634.6
James Campbell,Sawyerside 62278,Uzbekistan,513034,2022-09-07,AKD-37912204753,1,Parallels Toolbox (INCLUDED FOR FREE),electronic,3,AU$ 114,All-in-one solution with over 30 tools for macOS and Windows,342,34.2,376.2
Bianca Bennett,East Emmafort 88382,Malawi,586489,2022-11-10,AKD-29748675757,1,Parallels Toolbox (INCLUDED FOR FREE),electronic,3,AU$ 96,All-in-one solution with over 30 tools for macOS and Windows,1344,134.4,1478.4
Bianca Bennett,East Emmafort 88382,Malawi,586489,2022-11-10,AKD-29748675757,2,Parallels Toolbox (INCLUDED FOR FREE),electronic,1,AU$ 190,All-in-one solution with over 30 tools for macOS and Windows,1344,134.4,1478.4
Bianca Bennett,East Emmafort 88382,Malawi,586489,2022-11-10,AKD-29748675757,3,Parallels Desktop for Mac Pro Edition (1 Year),electronic,3,AU$ 106,Run Windows on your Mac! Duration: 12 month(s),1344,134.4,1478.4
Bianca Bennett,East Emmafort 88382,Malawi,586489,2022-11-10,AKD-29748675757,4,Parallels Access (INCLUDED FOR FREE),electronic,4,AU$ 137,Access your desktop applications like they were made for your iOS or Android device,1344,134.4,1478.4
Joseph Thornton,Bryanport 08375,Luxembourg,582973,2022-10-10,AKD-41796991480,1,Parallels Desktop for Mac Pro Edition (1 Year),electronic,1,AU$ 125,Run Windows on your Mac! Duration: 12 month(s),1038,103.8,1141.8
Joseph Thornton,Bryanport 08375,Luxembourg,582973,2022-10-10,AKD-41796991480,2,Parallels Desktop for Mac Pro Edition (1 Year),electronic,5,AU$ 134,Run Windows on your Mac! Duration: 12 month(s),1038,103.8,1141.8
Joseph Thornton,Bryanport 08375,Luxembourg,582973,2022-10-10,AKD-41796991480,3,Parallels Toolbox (INCLUDED FOR FREE),electronic,3,AU$ 81,All-in-one solution with over 30 tools for macOS and Windows,1038,103.8,1141.8
Elizabeth Brown,Andreabury 27405,Christmas Island,141527,2022-11-16,AKD-75850500039,1,Parallels Access (INCLUDED FOR FREE),electronic,2,AU$ 130,Access your desktop applications like they were made for your iOS or Android device,1349,134.9,1483.9
Elizabeth Brown,Andreabury 27405,Christmas Island,141527,2022-11-16,AKD-75850500039,2,Parallels Desktop for Mac Pro Edition (1 Year),electronic,3,AU$ 83,Run Windows on your Mac! Duration: 12 month(s),1349,134.9,1483.9
Elizabeth Brown,Andreabury 27405,Christmas Island,141527,2022-11-16,AKD-75850500039,3,Parallels Toolbox (INCLUDED FOR FREE),electronic,2,AU$ 114,All-in-one solution with over 30 tools for macOS and Windows,1349,134.9,1483.9
Elizabeth Brown,Andreabury 27405,Christmas Island,141527,2022-11-16,AKD-75850500039,4,Parallels Toolbox (INCLUDED FOR FREE),electronic,4,AU$ 153,All-in-one solution with over 30 tools for macOS and Windows,1349,134.9,1483.9
Heather Sawyer,Marshallside 13152,Central African Republic,797602,2022-07-14,AKD-81235028363,1,Parallels Toolbox (INCLUDED FOR FREE),electronic,1,AU$ 185,All-in-one solution with over 30 tools for macOS and Windows,185,18.5,203.5
Robert Smith,Thompsonfurt 75713,Rwanda,486050,2022-11-16,AKD-32058158354,1,Parallels Access (INCLUDED FOR FREE),electronic,1,AU$ 135,Access your desktop applications like they were made for your iOS or Android device,135,13.5,148.5
Amanda Mercado,South Debraburgh 54142,Antigua and Barbuda,499661,2022-07-10,AKD-92496240737,1,Parallels Toolbox (INCLUDED FOR FREE),electronic,4,AU$ 185,All-in-one solution with over 30 tools for macOS and Windows,740,74.0,814.0
Deanna Hale,Stewartside 57267,Israel,971594,2022-05-17,AKD-61818965084,1,Parallels Access (INCLUDED FOR FREE),electronic,1,AU$ 181,Access your desktop applications like they were made for your iOS or Android device,2014,201.4,2215.4
Deanna Hale,Stewartside 57267,Israel,971594,2022-05-17,AKD-61818965084,2,Parallels Access (INCLUDED FOR FREE),electronic,4,AU$ 50,Access your desktop applications like they were made for your iOS or Android device,2014,201.4,2215.4
Deanna Hale,Stewartside 57267,Israel,971594,2022-05-17,AKD-61818965084,3,Parallels Toolbox (INCLUDED FOR FREE),electronic,5,AU$ 170,All-in-one solution with over 30 tools for macOS and Windows,2014,201.4,2215.4
Deanna Hale,Stewartside 57267,Israel,971594,2022-05-17,AKD-61818965084,4,Parallels Desktop for Mac Pro Edition (1 Year),electronic,3,AU$ 65,Run Windows on your Mac! Duration: 12 month(s),2014,201.4,2215.4
Deanna Hale,Stewartside 57267,Israel,971594,2022-05-17,AKD-61818965084,5,Parallels Toolbox (INCLUDED FOR FREE),electronic,4,AU$ 147,All-in-one solution with over 30 tools for macOS and Windows,2014,201.4,2215.4
Timothy Frazier,Port Elizabeth 81311,Haiti,988348,2023-02-10,AKD-15256455510,1,Parallels Access (INCLUDED FOR FREE),electronic,4,AU$ 189,Access your desktop applications like they were made for your iOS or Android device,1509,150.9,1659.9
Timothy Frazier,Port Elizabeth 81311,Haiti,988348,2023-02-10,AKD-15256455510,2,Parallels Desktop for Mac Pro Edition (1 Year),electronic,1,AU$ 57,Run Windows on your Mac! Duration: 12 month(s),1509,150.9,1659.9
Timothy Frazier,Port Elizabeth 81311,Haiti,988348,2023-02-10,AKD-15256455510,3,Parallels Toolbox (INCLUDED FOR FREE),electronic,4,AU$ 97,All-in-one solution with over 30 tools for macOS and Windows,1509,150.9,1659.9
Timothy Frazier,Port Elizabeth 81311,Haiti,988348,2023-02-10,AKD-15256455510,4,Parallels Toolbox (INCLUDED FOR FREE),electronic,1,AU$ 133,All-in-one solution with over 30 tools for macOS and Windows,1509,150.9,1659.9
Timothy Frazier,Port Elizabeth 81311,Haiti,988348,2023-02-10,AKD-15256455510,5,Parallels Toolbox (INCLUDED FOR FREE),electronic,1,AU$ 175,All-in-one solution with over 30 tools for macOS and Windows,1509,150.9,1659.9
Linda Brown,Andrewton 91051,Myanmar,954209,2022-12-06,AKD-57357674785,1,Parallels Toolbox (INCLUDED FOR FREE),electronic,3,AU$ 57,All-in-one solution with over 30 tools for macOS and Windows,1279,127.9,1406.9
Linda Brown,Andrewton 91051,Myanmar,954209,2022-12-06,AKD-57357674785,2,Parallels Desktop for Mac Pro Edition (1 Year),electronic,1,AU$ 171,Run Windows on your Mac! Duration: 12 month(s),1279,127.9,1406.9
Linda Brown,Andrewton 91051,Myanmar,954209,2022-12-06,AKD-57357674785,3,Parallels Access (INCLUDED FOR FREE),electronic,5,AU$ 125,Access your desktop applications like they were made for your iOS or Android device,1279,127.9,1406.9
Linda Brown,Andrewton 91051,Myanmar,954209,2022-12-06,AKD-57357674785,4,Parallels Access (INCLUDED FOR FREE),electronic,1,AU$ 169,Access your desktop applications like they were made for your iOS or Android device,1279,127.9,1406.9
Linda Brown,Andrewton 91051,Myanmar,954209,2022-12-06,AKD-57357674785,5,Parallels Access (INCLUDED FOR FREE),electronic,1,AU$ 143,Access your desktop applications like they were made for your iOS or Android device,1279,127.9,1406.9
Ariel Hughes,Brandiport 05461,Kenya,396497,2022-06-15,AKD-21093952483,1,Parallels Toolbox (INCLUDED FOR FREE),electronic,5,AU$ 158,All-in-one solution with over 30 tools for macOS and Windows,1880,188.0,2068.0
Ariel Hughes,Brandiport 05461,Kenya,396497,2022-06-15,AKD-21093952483,2,Parallels Toolbox (INCLUDED FOR FREE),electronic,3,AU$ 193,All-in-one solution with over 30 tools for macOS and Windows,1880,188.0,2068.0
Ariel Hughes,Brandiport 05461,Kenya,396497,2022-06-15,AKD-21093952483,3,Parallels Access (INCLUDED FOR FREE),electronic,2,AU$ 117,Access your desktop applications like they were made for your iOS or Android device,1880,188.0,2068.0
Ariel Hughes,Brandiport 05461,Kenya,396497,2022-06-15,AKD-21093952483,4,Parallels Access (INCLUDED FOR FREE),electronic,2,AU$ 94,Access your desktop applications like they were made for your iOS or Android device,1880,188.0,2068.0
Ariel Hughes,Brandiport 05461,Kenya,396497,2022-06-15,AKD-21093952483,5,Parallels Toolbox (INCLUDED FOR FREE),electronic,1,AU$ 89,All-in-one solution with over 30 tools for macOS and Windows,1880,188.0,2068.0
Gail Williams,Johnton 92082,Italy,248876,2022-08-04,AKD-11491084522,1,Parallels Toolbox (INCLUDED FOR FREE),electronic,2,AU$ 103,All-in-one solution with over 30 tools for macOS and Windows,206,20.6,226.6
Juan Smith,Fieldsberg 66459,Congo,310619,2022-05-27,AKD-94426260080,1,Parallels Toolbox (INCLUDED FOR FREE),electronic,4,AU$ 104,All-in-one solution with over 30 tools for macOS and Windows,416,41.6,457.6
Jeremy Nolan,East Melissaberg 75458,Botswana,643373,2023-03-06,AKD-27510904031,1,Parallels Access (INCLUDED FOR FREE),electronic,2,AU$ 136,Access your desktop applications like they were made for your iOS or Android device,957,95.7,1052.7
Jeremy Nolan,East Melissaberg 75458,Botswana,643373,2023-03-06,AKD-27510904031,2,Parallels Desktop for Mac Pro Edition (1 Year),electronic,5,AU$ 137,Run Windows on your Mac! Duration: 12 month(s),957,95.7,1052.7
Jill Green,South Lauraberg 43163,Puerto Rico,531002,2022-11-02,AKD-39098038993,1,Parallels Access (INCLUDED FOR FREE),electronic,1,AU$ 169,Access your desktop applications like they were made for your iOS or Android device,1524,152.4,1676.4
Jill Green,South Lauraberg 43163,Puerto Rico,531002,2022-11-02,AKD-39098038993,2,Parallels Access (INCLUDED FOR FREE),electronic,5,AU$ 75,Access your desktop applications like they were made for your iOS or Android device,1524,152.4,1676.4
Jill Green,South Lauraberg 43163,Puerto Rico,531002,2022-11-02,AKD-39098038993,3,Parallels Toolbox (INCLUDED FOR FREE),electronic,5,AU$ 196,All-in-one solution with over 30 tools for macOS and Windows,1524,152.4,1676.4
Lisa Chase,Tylerview 32024,United States Minor Outlying Islands,463876,2023-03-08,AKD-56567468715,1,Parallels Access (INCLUDED FOR FREE),electronic,2,AU$ 78,Access your desktop applications like they were made for your iOS or Android device,1323,132.3,1455.3
Lisa Chase,Tylerview 32024,United States Minor Outlying Islands,463876,2023-03-08,AKD-56567468715,2,Parallels Toolbox (INCLUDED FOR FREE),electronic,2,AU$ 174,All-in-one solution with over 30 tools for macOS and Windows,1323,132.3,1455.3
Lisa Chase,Tylerview 32024,United States Minor Outlying Islands,463876,2023-03-08,AKD-56567468715,3,Parallels Toolbox (INCLUDED FOR FREE),electronic,2,AU$ 64,All-in-one solution with over 30 tools for macOS and Windows,1323,132.3,1455.3
Lisa Chase,Tylerview 32024,United States Minor Outlying Islands,463876,2023-03-08,AKD-56567468715,4,Parallels Toolbox (INCLUDED FOR FREE),electronic,5,AU$ 69,All-in-one solution with over 30 tools for macOS and Windows,1323,132.3,1455.3
Lisa Chase,Tylerview 32024,United States Minor Outlying Islands,463876,2023-03-08,AKD-56567468715,5,Parallels Access (INCLUDED FOR FREE),electronic,2,AU$ 173,Access your desktop applications like they were made for your iOS or Android device,1323,132.3,1455.3
Anthony Malone,East Stephenshire 82255,Congo,134072,2022-12-19,AKD-62657148274,1,Parallels Desktop for Mac Pro Edition (1 Year),electronic,3,AU$ 80,Run Windows on your Mac! Duration: 12 month(s),566,56.6,622.6
Anthony Malone,East Stephenshire 82255,Congo,134072,2022-12-19,AKD-62657148274,2,Parallels Access (INCLUDED FOR FREE),electronic,2,AU$ 163,Access your desktop applications like they were made for your iOS or Android device,566,56.6,622.6
Jonathan Martinez,Lake Zachary 42224,Kiribati,702642,2022-07-31,AKD-19306981751,1,Parallels Access (INCLUDED FOR FREE),electronic,4,AU$ 105,Access your desktop applications like they were made for your iOS or Android device,804,80.4,884.4
Jonathan Martinez,Lake Zachary 42224,Kiribati,702642,2022-07-31,AKD-19306981751,2,Parallels Desktop for Mac Pro Edition (1 Year),electronic,4,AU$ 64,Run Windows on your Mac! Duration: 12 month(s),804,80.4,884.4
Jonathan Martinez,Lake Zachary 42224,Kiribati,702642,2022-07-31,AKD-19306981751,3,Parallels Desktop for Mac Pro Edition (1 Year),electronic,1,AU$ 128,Run Windows on your Mac! Duration: 12 month(s),804,80.4,884.4
Jessica Harper,Jackberg 09943,Uruguay,902206,2022-09-08,AKD-67917878510,1,Parallels Toolbox (INCLUDED FOR FREE),electronic,5,AU$ 127,All-in-one solution with over 30 tools for macOS and Windows,1045,104.5,1149.5
Jessica Harper,Jackberg 09943,Uruguay,902206,2022-09-08,AKD-67917878510,2,Parallels Access (INCLUDED FOR FREE),electronic,5,AU$ 52,Access your desktop applications like they were made for your iOS or Android device,1045,104.5,1149.5
Jessica Harper,Jackberg 09943,Uruguay,902206,2022-09-08,AKD-67917878510,3,Parallels Access (INCLUDED FOR FREE),electronic,2,AU$ 75,Access your desktop applications like they were made for your iOS or Android device,1045,104.5,1149.5
Nathaniel Russell,Castrofurt 33908,Jordan,361636,2022-12-22,AKD-88116929518,1,Parallels Access (INCLUDED FOR FREE),electronic,5,AU$ 128,Access your desktop applications like they were made for your iOS or Android device,640,64.0,704.0
Elizabeth Carlson,Simmonsmouth 58101,Somalia,999260,2022-06-07,AKD-12080555952,1,Parallels Toolbox (INCLUDED FOR FREE),electronic,5,AU$ 197,All-in-one solution with over 30 tools for macOS and Windows,985,98.5,1083.5
Raymond Ramirez,New Laurenmouth 17894,Cuba,300286,2022-09-21,AKD-49697122114,1,Parallels Desktop for Mac Pro Edition (1 Year),electronic,1,AU$ 121,Run Windows on your Mac! Duration: 12 month(s),1179,117.9,1296.9
Raymond Ramirez,New Laurenmouth 17894,Cuba,300286,2022-09-21,AKD-49697122114,2,Parallels Desktop for Mac Pro Edition (1 Year),electronic,4,AU$ 114,Run Windows on your Mac! Duration: 12 month(s),1179,117.9,1296.9
Raymond Ramirez,New Laurenmouth 17894,Cuba,300286,2022-09-21,AKD-49697122114,3,Parallels Toolbox (INCLUDED FOR FREE),electronic,5,AU$ 70,All-in-one solution with over 30 tools for macOS and Windows,1179,117.9,1296.9
Raymond Ramirez,New Laurenmouth 17894,Cuba,300286,2022-09-21,AKD-49697122114,4,Parallels Access (INCLUDED FOR FREE),electronic,1,AU$ 120,Access your desktop applications like they were made for your iOS or Android device,1179,117.9,1296.9
Raymond Ramirez,New Laurenmouth 17894,Cuba,300286,2022-09-21,AKD-49697122114,5,Parallels Access (INCLUDED FOR FREE),electronic,1,AU$ 132,Access your desktop applications like they were made for your iOS or Android device,1179,117.9,1296.9
Nathan Jones,Lorettatown 54688,Ethiopia,742757,2022-11-27,AKD-62221211464,1,Parallels Toolbox (INCLUDED FOR FREE),electronic,4,AU$ 167,All-in-one solution with over 30 tools for macOS and Windows,2105,210.5,2315.5
Nathan Jones,Lorettatown 54688,Ethiopia,742757,2022-11-27,AKD-62221211464,2,Parallels Access (INCLUDED FOR FREE),electronic,1,AU$ 117,Access your desktop applications like they were made for your iOS or Android device,2105,210.5,2315.5
Nathan Jones,Lorettatown 54688,Ethiopia,742757,2022-11-27,AKD-62221211464,3,Parallels Access (INCLUDED FOR FREE),electronic,3,AU$ 164,Access your desktop applications like they were made for your iOS or Android device,2105,210.5,2315.5
Nathan Jones,Lorettatown 54688,Ethiopia,742757,2022-11-27,AKD-62221211464,4,Parallels Access (INCLUDED FOR FREE),electronic,3,AU$ 121,Access your desktop applications like they were made for your iOS or Android device,2105,210.5,2315.5
Nathan Jones,Lorettatown 54688,Ethiopia,742757,2022-11-27,AKD-62221211464,5,Parallels Desktop for Mac Pro Edition (1 Year),electronic,5,AU$ 93,Run Windows on your Mac! Duration: 12 month(s),2105,210.5,2315.5
Michael Evans,East Darlenebury 69247,Christmas Island,664762,2022-04-30,AKD-88907241453,1,Parallels Desktop for Mac Pro Edition (1 Year),electronic,1,AU$ 185,Run Windows on your Mac! Duration: 12 month(s),1154,115.4,1269.4
Michael Evans,East Darlenebury 69247,Christmas Island,664762,2022-04-30,AKD-88907241453,2,Parallels Desktop for Mac Pro Edition (1 Year),electronic,1,AU$ 106,Run Windows on your Mac! Duration: 12 month(s),1154,115.4,1269.4
Michael Evans,East Darlenebury 69247,Christmas Island,664762,2022-04-30,AKD-88907241453,3,Parallels Toolbox (INCLUDED FOR FREE),electronic,4,AU$ 62,All-in-one solution with over 30 tools for macOS and Windows,1154,115.4,1269.4
Michael Evans,East Darlenebury 69247,Christmas Island,664762,2022-04-30,AKD-88907241453,4,Parallels Access (INCLUDED FOR FREE),electronic,5,AU$ 123,Access your desktop applications like they were made for your iOS or Android device,1154,115.4,1269.4
Dr. James Adams,East Sue 45191,Cook Islands,188376,2022-12-12,AKD-50153287538,1,Parallels Toolbox (INCLUDED FOR FREE),electronic,4,AU$ 161,All-in-one solution with over 30 tools for macOS and Windows,1802,180.2,1982.2
Dr. James Adams,East Sue 45191,Cook Islands,188376,2022-12-12,AKD-50153287538,2,Parallels Toolbox (INCLUDED FOR FREE),electronic,3,AU$ 166,All-in-one solution with over 30 tools for macOS and Windows,1802,180.2,1982.2
Dr. James Adams,East Sue 45191,Cook Islands,188376,2022-12-12,AKD-50153287538,3,Parallels Desktop for Mac Pro Edition (1 Year),electronic,4,AU$ 70,Run Windows on your Mac! Duration: 12 month(s),1802,180.2,1982.2
Dr. James Adams,East Sue 45191,Cook Islands,188376,2022-12-12,AKD-50153287538,4,Parallels Toolbox (INCLUDED FOR FREE),electronic,2,AU$ 50,All-in-one solution with over 30 tools for macOS and Windows,1802,180.2,1982.2
Dr. James Adams,East Sue 45191,Cook Islands,188376,2022-12-12,AKD-50153287538,5,Parallels Access (INCLUDED FOR FREE),electronic,2,AU$ 140,Access your desktop applications like they were made for your iOS or Android device,1802,180.2,1982.2
Holly Williams,North Douglas 07531,Saint Pierre and Miquelon,187250,2023-02-15,AKD-58093187422,1,Parallels Desktop for Mac Pro Edition (1 Year),electronic,2,AU$ 90,Run Windows on your Mac! Duration: 12 month(s),1054,105.4,1159.4
Holly Williams,North Douglas 07531,Saint Pierre and Miquelon,187250,2023-02-15,AKD-58093187422,2,Parallels Access (INCLUDED FOR FREE),electronic,5,AU$ 112,Access your desktop applications like they were made for your iOS or Android device,1054,105.4,1159.4
Holly Williams,North Douglas 07531,Saint Pierre and Miquelon,187250,2023-02-15,AKD-58093187422,3,Parallels Toolbox (INCLUDED FOR FREE),electronic,3,AU$ 56,All-in-one solution with over 30 tools for macOS and Windows,1054,105.4,1159.4
Holly Williams,North Douglas 07531,Saint Pierre and Miquelon,187250,2023-02-15,AKD-58093187422,4,Parallels Access (INCLUDED FOR FREE),electronic,2,AU$ 73,Access your desktop applications like they were made for your iOS or Android device,1054,105.4,1159.4
Christine Vance,Donaldsonburgh 32727,Colombia,566139,2022-05-06,AKD-95431164278,1,Parallels Desktop for Mac Pro Edition (1 Year),electronic,4,AU$ 174,Run Windows on your Mac! Duration: 12 month(s),1351,135.1,1486.1
Christine Vance,Donaldsonburgh 32727,Colombia,566139,2022-05-06,AKD-95431164278,2,Parallels Access (INCLUDED FOR FREE),electronic,1,AU$ 89,Access your desktop applications like they were made for your iOS or Android device,1351,135.1,1486.1
Christine Vance,Donaldsonburgh 32727,Colombia,566139,2022-05-06,AKD-95431164278,3,Parallels Access (INCLUDED FOR FREE),electronic,2,AU$ 51,Access your desktop applications like they were made for your iOS or Android device,1351,135.1,1486.1
Christine Vance,Donaldsonburgh 32727,Colombia,566139,2022-05-06,AKD-95431164278,4,Parallels Toolbox (INCLUDED FOR FREE),electronic,4,AU$ 116,All-in-one solution with over 30 tools for macOS and Windows,1351,135.1,1486.1
Joseph Andrade,East Tanyaside 32982,Faroe Islands,262957,2022-07-05,AKD-53548999265,1,Parallels Toolbox (INCLUDED FOR FREE),electronic,3,AU$ 162,All-in-one solution with over 30 tools for macOS and Windows,1905,190.5,2095.5
Joseph Andrade,East Tanyaside 32982,Faroe Islands,262957,2022-07-05,AKD-53548999265,2,Parallels Toolbox (INCLUDED FOR FREE),electronic,1,AU$ 101,All-in-one solution with over 30 tools for macOS and Windows,1905,190.5,2095.5
Joseph Andrade,East Tanyaside 32982,Faroe Islands,262957,2022-07-05,AKD-53548999265,3,Parallels Access (INCLUDED FOR FREE),electronic,5,AU$ 164,Access your desktop applications like they were made for your iOS or Android device,1905,190.5,2095.5
Joseph Andrade,East Tanyaside 32982,Faroe Islands,262957,2022-07-05,AKD-53548999265,4,Parallels Access (INCLUDED FOR FREE),electronic,3,AU$ 166,Access your desktop applications like they were made for your iOS or Android device,1905,190.5,2095.5
Jacqueline Marshall,Lake John 85351,India,990275,2022-10-20,AKD-81188777867,1,Parallels Access (INCLUDED FOR FREE),electronic,3,AU$ 196,Access your desktop applications like they were made for your iOS or Android device,588,58.8,646.8
Lindsey Payne,West Timothystad 82510,Falkland Islands (Malvinas),783121,2022-06-12,AKD-97515037619,1,Parallels Toolbox (INCLUDED FOR FREE),electronic,3,AU$ 101,All-in-one solution with over 30 tools for macOS and Windows,1118,111.8,1229.8
Lindsey Payne,West Timothystad 82510,Falkland Islands (Malvinas),783121,2022-06-12,AKD-97515037619,2,Parallels Access (INCLUDED FOR FREE),electronic,5,AU$ 163,Access your desktop applications like they were made for your iOS or Android device,1118,111.8,1229.8
Mary Boyer,Port Melody 43827,Germany,819862,2023-01-01,AKD-50089889393,1,Parallels Toolbox (INCLUDED FOR FREE),electronic,5,AU$ 79,All-in-one solution with over 30 tools for macOS and Windows,847,84.7,931.7
Mary Boyer,Port Melody 43827,Germany,819862,2023-01-01,AKD-50089889393,2,Parallels Toolbox (INCLUDED FOR FREE),electronic,4,AU$ 113,All-in-one solution with over 30 tools for macOS and Windows,847,84.7,931.7
Barbara Schneider,Williamshaven 60880,Gabon,889330,2022-10-24,AKD-40979060955,1,Parallels Desktop for Mac Pro Edition (1 Year),electronic,4,AU$ 85,Run Windows on your Mac! Duration: 12 month(s),953,95.3,1048.3
Barbara Schneider,Williamshaven 60880,Gabon,889330,2022-10-24,AKD-40979060955,2,Parallels Toolbox (INCLUDED FOR FREE),electronic,4,AU$ 132,All-in-one solution with over 30 tools for macOS and Windows,953,95.3,1048.3
Barbara Schneider,Williamshaven 60880,Gabon,889330,2022-10-24,AKD-40979060955,3,Parallels Toolbox (INCLUDED FOR FREE),electronic,1,AU$ 85,All-in-one solution with over 30 tools for macOS and Windows,953,95.3,1048.3
Mary Crawford,New Omarfurt 52152,Brazil,794967,2022-04-02,AKD-41655721088,1,Parallels Toolbox (INCLUDED FOR FREE),electronic,3,AU$ 130,All-in-one solution with over 30 tools for macOS and Windows,1078,107.8,1185.8
Mary Crawford,New Omarfurt 52152,Brazil,794967,2022-04-02,AKD-41655721088,2,Parallels Toolbox (INCLUDED FOR FREE),electronic,4,AU$ 64,All-in-one solution with over 30 tools for macOS and Windows,1078,107.8,1185.8
Mary Crawford,New Omarfurt 52152,Brazil,794967,2022-04-02,AKD-41655721088,3,Parallels Desktop for Mac Pro Edition (1 Year),electronic,3,AU$ 144,Run Windows on your Mac! Duration: 12 month(s),1078,107.8,1185.8
Donna Carter,Port Danielport 67289,Angola,737077,2022-04-14,AKD-39855229818,1,Parallels Access (INCLUDED FOR FREE),electronic,4,AU$ 97,Access your desktop applications like they were made for your iOS or Android device,1493,149.3,1642.3
Donna Carter,Port Danielport 67289,Angola,737077,2022-04-14,AKD-39855229818,2,Parallels Desktop for Mac Pro Edition (1 Year),electronic,3,AU$ 187,Run Windows on your Mac! Duration: 12 month(s),1493,149.3,1642.3
Donna Carter,Port Danielport 67289,Angola,737077,2022-04-14,AKD-39855229818,3,Parallels Access (INCLUDED FOR FREE),electronic,4,AU$ 84,Access your desktop applications like they were made for your iOS or Android device,1493,149.3,1642.3
Donna Carter,Port Danielport 67289,Angola,737077,2022-04-14,AKD-39855229818,4,Parallels Desktop for Mac Pro Edition (1 Year),electronic,4,AU$ 52,Run Windows on your Mac! Duration: 12 month(s),1493,149.3,1642.3
Lindsay Richmond,Griffinhaven 06149,Paraguay,918510,2022-12-15,AKD-69610263175,1,Parallels Access (INCLUDED FOR FREE),electronic,2,AU$ 164,Access your desktop applications like they were made for your iOS or Android device,1439,143.9,1582.9
Lindsay Richmond,Griffinhaven 06149,Paraguay,918510,2022-12-15,AKD-69610263175,2,Parallels Toolbox (INCLUDED FOR FREE),electronic,5,AU$ 93,All-in-one solution with over 30 tools for macOS and Windows,1439,143.9,1582.9
Lindsay Richmond,Griffinhaven 06149,Paraguay,918510,2022-12-15,AKD-69610263175,3,Parallels Toolbox (INCLUDED FOR FREE),electronic,1,AU$ 169,All-in-one solution with over 30 tools for macOS and Windows,1439,143.9,1582.9
Lindsay Richmond,Griffinhaven 06149,Paraguay,918510,2022-12-15,AKD-69610263175,4,Parallels Desktop for Mac Pro Edition (1 Year),electronic,5,AU$ 77,Run Windows on your Mac! Duration: 12 month(s),1439,143.9,1582.9
Lindsay Richmond,Griffinhaven 06149,Paraguay,918510,2022-12-15,AKD-69610263175,5,Parallels Desktop for Mac Pro Edition (1 Year),electronic,1,AU$ 92,Run Windows on your Mac! Duration: 12 month(s),1439,143.9,1582.9
Kathleen Robinson,Lake Heather 46364,United States Minor Outlying Islands,126163,2022-04-02,AKD-73474846627,1,Parallels Access (INCLUDED FOR FREE),electronic,5,AU$ 98,Access your desktop applications like they were made for your iOS or Android device,1514,151.4,1665.4
Kathleen Robinson,Lake Heather 46364,United States Minor Outlying Islands,126163,2022-04-02,AKD-73474846627,2,Parallels Desktop for Mac Pro Edition (1 Year),electronic,4,AU$ 127,Run Windows on your Mac! Duration: 12 month(s),1514,151.4,1665.4
Kathleen Robinson,Lake Heather 46364,United States Minor Outlying Islands,126163,2022-04-02,AKD-73474846627,3,Parallels Access (INCLUDED FOR FREE),electronic,3,AU$ 172,Access your desktop applications like they were made for your iOS or Android device,1514,151.4,1665.4
Megan Garcia,Barajasview 89305,Monaco,410811,2022-10-11,AKD-78200421016,1,Parallels Desktop for Mac Pro Edition (1 Year),electronic,1,AU$ 169,Run Windows on your Mac! Duration: 12 month(s),169,16.9,185.9
Lisa Lewis,Reginaland 01855,Cape Verde,893544,2022-03-15,AKD-51943004953,1,Parallels Access (INCLUDED FOR FREE),electronic,3,AU$ 107,Access your desktop applications like they were made for your iOS or Android device,981,98.1,1079.1
Lisa Lewis,Reginaland 01855,Cape Verde,893544,2022-03-15,AKD-51943004953,2,Parallels Desktop for Mac Pro Edition (1 Year),electronic,5,AU$ 132,Run Windows on your Mac! Duration: 12 month(s),981,98.1,1079.1
Lisa Montgomery,Tannerchester 83238,Kyrgyz Republic,548614,2022-10-11,AKD-77066076925,1,Parallels Desktop for Mac Pro Edition (1 Year),electronic,2,AU$ 71,Run Windows on your Mac! Duration: 12 month(s),142,14.2,156.2
Peter Aguilar,Elizabethfort 47097,New Zealand,659065,2022-09-19,AKD-26827279016,1,Parallels Access (INCLUDED FOR FREE),electronic,1,AU$ 94,Access your desktop applications like they were made for your iOS or Android device,859,85.9,944.9
Peter Aguilar,Elizabethfort 47097,New Zealand,659065,2022-09-19,AKD-26827279016,2,Parallels Toolbox (INCLUDED FOR FREE),electronic,5,AU$ 153,All-in-one solution with over 30 tools for macOS and Windows,859,85.9,944.9
Kathleen Austin,Victoriaton 89169,Paraguay,202713,2022-11-20,AKD-19877645532,1,Parallels Access (INCLUDED FOR FREE),electronic,5,AU$ 170,Access your desktop applications like they were made for your iOS or Android device,850,85.0,935.0
Cody Solomon,Port Barbaraland 65951,Sudan,806611,2022-05-06,AKD-63278532178,1,Parallels Access (INCLUDED FOR FREE),electronic,5,AU$ 125,Access your desktop applications like they were made for your iOS or Android device,1700,170.0,1870.0
Cody Solomon,Port Barbaraland 65951,Sudan,806611,2022-05-06,AKD-63278532178,2,Parallels Toolbox (INCLUDED FOR FREE),electronic,5,AU$ 173,All-in-one solution with over 30 tools for macOS and Windows,1700,170.0,1870.0
Cody Solomon,Port Barbaraland 65951,Sudan,806611,2022-05-06,AKD-63278532178,3,Parallels Toolbox (INCLUDED FOR FREE),electronic,2,AU$ 105,All-in-one solution with over 30 tools for macOS and Windows,1700,170.0,1870.0
Kenneth Wang,Ricemouth 65651,Lao People's Democratic Republic,683062,2022-10-19,AKD-67261880895,1,Parallels Toolbox (INCLUDED FOR FREE),electronic,4,AU$ 109,All-in-one solution with over 30 tools for macOS and Windows,436,43.6,479.6
Diane Green,Leonardchester 31033,Malawi,333767,2022-08-01,AKD-50929753567,1,Parallels Desktop for Mac Pro Edition (1 Year),electronic,5,AU$ 112,Run Windows on your Mac! Duration: 12 month(s),560,56.0,616.0
Anne Lozano,West Sarah 63780,American Samoa,681742,2022-04-27,AKD-84612844678,1,Parallels Toolbox (INCLUDED FOR FREE),electronic,5,AU$ 136,All-in-one solution with over 30 tools for macOS and Windows,2064,206.4,2270.4
Anne Lozano,West Sarah 63780,American Samoa,681742,2022-04-27,AKD-84612844678,2,Parallels Access (INCLUDED FOR FREE),electronic,3,AU$ 128,Access your desktop applications like they were made for your iOS or Android device,2064,206.4,2270.4
Anne Lozano,West Sarah 63780,American Samoa,681742,2022-04-27,AKD-84612844678,3,Parallels Desktop for Mac Pro Edition (1 Year),electronic,1,AU$ 187,Run Windows on your Mac! Duration: 12 month(s),2064,206.4,2270.4
Anne Lozano,West Sarah 63780,American Samoa,681742,2022-04-27,AKD-84612844678,4,Parallels Access (INCLUDED FOR FREE),electronic,3,AU$ 166,Access your desktop applications like they were made for your iOS or Android device,2064,206.4,2270.4
Anne Lozano,West Sarah 63780,American Samoa,681742,2022-04-27,AKD-84612844678,5,Parallels Access (INCLUDED FOR FREE),electronic,5,AU$ 63,Access your desktop applications like they were made for your iOS or Android device,2064,206.4,2270.4
Jeffrey Warren,Jameston 66078,Cambodia,179609,2022-10-10,AKD-80938005731,1,Parallels Desktop for Mac Pro Edition (1 Year),electronic,2,AU$ 54,Run Windows on your Mac! Duration: 12 month(s),703,70.3,773.3
Jeffrey Warren,Jameston 66078,Cambodia,179609,2022-10-10,AKD-80938005731,2,Parallels Desktop for Mac Pro Edition (1 Year),electronic,5,AU$ 119,Run Windows on your Mac! Duration: 12 month(s),703,70.3,773.3
Deanna Brown,East Dustin 41552,Kyrgyz Republic,637659,2022-05-16,AKD-38606109851,1,Parallels Access (INCLUDED FOR FREE),electronic,1,AU$ 157,Access your desktop applications like they were made for your iOS or Android device,157,15.7,172.7
Susan Ward,Lake Beverlyton 08267,Belize,257349,2022-12-04,AKD-38414332557,1,Parallels Toolbox (INCLUDED FOR FREE),electronic,2,AU$ 103,All-in-one solution with over 30 tools for macOS and Windows,349,34.9,383.9
Susan Ward,Lake Beverlyton 08267,Belize,257349,2022-12-04,AKD-38414332557,2,Parallels Access (INCLUDED FOR FREE),electronic,1,AU$ 143,Access your desktop applications like they were made for your iOS or Android device,349,34.9,383.9
Devin Jordan,Davidhaven 46605,Syrian Arab Republic,232001,2022-06-23,AKD-59146212054,1,Parallels Toolbox (INCLUDED FOR FREE),electronic,3,AU$ 61,All-in-one solution with over 30 tools for macOS and Windows,754,75.4,829.4
Devin Jordan,Davidhaven 46605,Syrian Arab Republic,232001,2022-06-23,AKD-59146212054,2,Parallels Access (INCLUDED FOR FREE),electronic,3,AU$ 93,Access your desktop applications like they were made for your iOS or Android device,754,75.4,829.4
Devin Jordan,Davidhaven 46605,Syrian Arab Republic,232001,2022-06-23,AKD-59146212054,3,Parallels Toolbox (INCLUDED FOR FREE),electronic,2,AU$ 70,All-in-one solution with over 30 tools for macOS and Windows,754,75.4,829.4
Devin Jordan,Davidhaven 46605,Syrian Arab Republic,232001,2022-06-23,AKD-59146212054,4,Parallels Access (INCLUDED FOR FREE),electronic,1,AU$ 152,Access your desktop applications like they were made for your iOS or Android device,754,75.4,829.4
Michael Reyes,Arthurstad 46043,Bolivia,282600,2023-01-11,AKD-40188350434,1,Parallels Desktop for Mac Pro Edition (1 Year),electronic,2,AU$ 125,Run Windows on your Mac! Duration: 12 month(s),250,25.0,275.0
Michael Wood,North Markland 62297,Central African Republic,466123,2022-09-04,AKD-92673397381,1,Parallels Toolbox (INCLUDED FOR FREE),electronic,1,AU$ 142,All-in-one solution with over 30 tools for macOS and Windows,1468,146.8,1614.8
Michael Wood,North Markland 62297,Central African Republic,466123,2022-09-04,AKD-92673397381,2,Parallels Desktop for Mac Pro Edition (1 Year),electronic,1,AU$ 79,Run Windows on your Mac! Duration: 12 month(s),1468,146.8,1614.8
Michael Wood,North Markland 62297,Central African Republic,466123,2022-09-04,AKD-92673397381,3,Parallels Desktop for Mac Pro Edition (1 Year),electronic,3,AU$ 174,Run Windows on your Mac! Duration: 12 month(s),1468,146.8,1614.8
Michael Wood,North Markland 62297,Central African Republic,466123,2022-09-04,AKD-92673397381,4,Parallels Desktop for Mac Pro Edition (1 Year),electronic,5,AU$ 145,Run Windows on your Mac! Duration: 12 month(s),1468,146.8,1614.8
Terri Smith,Tylerburgh 32572,Bouvet Island (Bouvetoya),196023,2022-04-09,AKD-61489821277,1,Parallels Toolbox (INCLUDED FOR FREE),electronic,2,AU$ 71,All-in-one solution with over 30 tools for macOS and Windows,794,79.4,873.4
Terri Smith,Tylerburgh 32572,Bouvet Island (Bouvetoya),196023,2022-04-09,AKD-61489821277,2,Parallels Access (INCLUDED FOR FREE),electronic,4,AU$ 163,Access your desktop applications like they were made for your iOS or Android device,794,79.4,873.4
Tina Johnson,Haynesberg 78758,British Indian Ocean Territory (Chagos Archipelago),290163,2022-03-21,AKD-88234472497,1,Parallels Toolbox (INCLUDED FOR FREE),electronic,1,AU$ 195,All-in-one solution with over 30 tools for macOS and Windows,1147,114.7,1261.7
Tina Johnson,Haynesberg 78758,British Indian Ocean Territory (Chagos Archipelago),290163,2022-03-21,AKD-88234472497,2,Parallels Toolbox (INCLUDED FOR FREE),electronic,2,AU$ 139,All-in-one solution with over 30 tools for macOS and Windows,1147,114.7,1261.7
Tina Johnson,Haynesberg 78758,British Indian Ocean Territory (Chagos Archipelago),290163,2022-03-21,AKD-88234472497,3,Parallels Access (INCLUDED FOR FREE),electronic,3,AU$ 120,Access your desktop applications like they were made for your iOS or Android device,1147,114.7,1261.7
Tina Johnson,Haynesberg 78758,British Indian Ocean Territory (Chagos Archipelago),290163,2022-03-21,AKD-88234472497,4,Parallels Access (INCLUDED FOR FREE),electronic,2,AU$ 157,Access your desktop applications like they were made for your iOS or Android device,1147,114.7,1261.7
Kenneth Turner,Kristashire 94782,Gabon,743234,2023-01-17,AKD-75073108868,1,Parallels Toolbox (INCLUDED FOR FREE),electronic,5,AU$ 128,All-in-one solution with over 30 tools for macOS and Windows,640,64.0,704.0
Kathryn Reyes,Raymondstad 20036,Costa Rica,616027,2022-06-20,AKD-60612516798,1,Parallels Toolbox (INCLUDED FOR FREE),electronic,2,AU$ 198,All-in-one solution with over 30 tools for macOS and Windows,396,39.6,435.6
Andrew Campbell,Port Kimberly 27959,Philippines,598952,2022-08-30,AKD-81873766733,1,Parallels Toolbox (INCLUDED FOR FREE),electronic,4,AU$ 175,All-in-one solution with over 30 tools for macOS and Windows,2408,240.8,2648.8
Andrew Campbell,Port Kimberly 27959,Philippines,598952,2022-08-30,AKD-81873766733,2,Parallels Toolbox (INCLUDED FOR FREE),electronic,1,AU$ 109,All-in-one solution with over 30 tools for macOS and Windows,2408,240.8,2648.8
Andrew Campbell,Port Kimberly 27959,Philippines,598952,2022-08-30,AKD-81873766733,3,Parallels Access (INCLUDED FOR FREE),electronic,1,AU$ 102,Access your desktop applications like they were made for your iOS or Android device,2408,240.8,2648.8
Andrew Campbell,Port Kimberly 27959,Philippines,598952,2022-08-30,AKD-81873766733,4,Parallels Desktop for Mac Pro Edition (1 Year),electronic,4,AU$ 168,Run Windows on your Mac! Duration: 12 month(s),2408,240.8,2648.8
Andrew Campbell,Port Kimberly 27959,Philippines,598952,2022-08-30,AKD-81873766733,5,Parallels Access (INCLUDED FOR FREE),electronic,5,AU$ 165,Access your desktop applications like they were made for your iOS or Android device,2408,240.8,2648.8
Scott Peterson,Savannahchester 44668,Czech Republic,603903,2022-10-11,AKD-43620466216,1,Parallels Toolbox (INCLUDED FOR FREE),electronic,2,AU$ 67,All-in-one solution with over 30 tools for macOS and Windows,3234,323.4,3557.4
Scott Peterson,Savannahchester 44668,Czech Republic,603903,2022-10-11,AKD-43620466216,2,Parallels Desktop for Mac Pro Edition (1 Year),electronic,4,AU$ 180,Run Windows on your Mac! Duration: 12 month(s),3234,323.4,3557.4
Scott Peterson,Savannahchester 44668,Czech Republic,603903,2022-10-11,AKD-43620466216,3,Parallels Access (INCLUDED FOR FREE),electronic,5,AU$ 158,Access your desktop applications like they were made for your iOS or Android device,3234,323.4,3557.4
Scott Peterson,Savannahchester 44668,Czech Republic,603903,2022-10-11,AKD-43620466216,4,Parallels Access (INCLUDED FOR FREE),electronic,5,AU$ 150,Access your desktop applications like they were made for your iOS or Android device,3234,323.4,3557.4
Scott Peterson,Savannahchester 44668,Czech Republic,603903,2022-10-11,AKD-43620466216,5,Parallels Toolbox (INCLUDED FOR FREE),electronic,5,AU$ 168,All-in-one solution with over 30 tools for macOS and Windows,3234,323.4,3557.4
Christina Butler,Johnsonton 72307,Bangladesh,418749,2022-04-29,AKD-91536046519,1,Parallels Desktop for Mac Pro Edition (1 Year),electronic,3,AU$ 199,Run Windows on your Mac! Duration: 12 month(s),1013,101.3,1114.3
Christina Butler,Johnsonton 72307,Bangladesh,418749,2022-04-29,AKD-91536046519,2,Parallels Toolbox (INCLUDED FOR FREE),electronic,1,AU$ 140,All-in-one solution with over 30 tools for macOS and Windows,1013,101.3,1114.3
Christina Butler,Johnsonton 72307,Bangladesh,418749,2022-04-29,AKD-91536046519,3,Parallels Desktop for Mac Pro Edition (1 Year),electronic,4,AU$ 69,Run Windows on your Mac! Duration: 12 month(s),1013,101.3,1114.3
Rebecca Jones,Dwayneshire 91029,Congo,200144,2022-12-26,AKD-37068132733,1,Parallels Toolbox (INCLUDED FOR FREE),electronic,2,AU$ 76,All-in-one solution with over 30 tools for macOS and Windows,1766,176.6,1942.6
Rebecca Jones,Dwayneshire 91029,Congo,200144,2022-12-26,AKD-37068132733,2,Parallels Toolbox (INCLUDED FOR FREE),electronic,5,AU$ 176,All-in-one solution with over 30 tools for macOS and Windows,1766,176.6,1942.6
Rebecca Jones,Dwayneshire 91029,Congo,200144,2022-12-26,AKD-37068132733,3,Parallels Desktop for Mac Pro Edition (1 Year),electronic,2,AU$ 109,Run Windows on your Mac! Duration: 12 month(s),1766,176.6,1942.6
Rebecca Jones,Dwayneshire 91029,Congo,200144,2022-12-26,AKD-37068132733,4,Parallels Toolbox (INCLUDED FOR FREE),electronic,3,AU$ 172,All-in-one solution with over 30 tools for macOS and Windows,1766,176.6,1942.6
Ashley Thomas,New Kristen 88664,Botswana,961471,2022-03-12,AKD-73975860077,1,Parallels Access (INCLUDED FOR FREE),electronic,5,AU$ 166,Access your desktop applications like they were made for your iOS or Android device,1020,102.0,1122.0
Ashley Thomas,New Kristen 88664,Botswana,961471,2022-03-12,AKD-73975860077,2,Parallels Access (INCLUDED FOR FREE),electronic,2,AU$ 95,Access your desktop applications like they were made for your iOS or Android device,1020,102.0,1122.0
Michele Cohen,Victoriaport 85350,Montenegro,139012,2022-10-04,AKD-33511087296,1,Parallels Toolbox (INCLUDED FOR FREE),electronic,3,AU$ 166,All-in-one solution with over 30 tools for macOS and Windows,2429,242.9,2671.9
Michele Cohen,Victoriaport 85350,Montenegro,139012,2022-10-04,AKD-33511087296,2,Parallels Access (INCLUDED FOR FREE),electronic,4,AU$ 181,Access your desktop applications like they were made for your iOS or Android device,2429,242.9,2671.9
Michele Cohen,Victoriaport 85350,Montenegro,139012,2022-10-04,AKD-33511087296,3,Parallels Access (INCLUDED FOR FREE),electronic,3,AU$ 148,Access your desktop applications like they were made for your iOS or Android device,2429,242.9,2671.9
Michele Cohen,Victoriaport 85350,Montenegro,139012,2022-10-04,AKD-33511087296,4,Parallels Access (INCLUDED FOR FREE),electronic,4,AU$ 175,Access your desktop applications like they were made for your iOS or Android device,2429,242.9,2671.9
Michele Cohen,Victoriaport 85350,Montenegro,139012,2022-10-04,AKD-33511087296,5,Parallels Desktop for Mac Pro Edition (1 Year),electronic,1,AU$ 63,Run Windows on your Mac! Duration: 12 month(s),2429,242.9,2671.9
Evelyn Wright,Lake Cheyennechester 83993,Saint Martin,584681,2022-09-24,AKD-68263261482,1,Parallels Desktop for Mac Pro Edition (1 Year),electronic,5,AU$ 139,Run Windows on your Mac! Duration: 12 month(s),1274,127.4,1401.4
Evelyn Wright,Lake Cheyennechester 83993,Saint Martin,584681,2022-09-24,AKD-68263261482,2,Parallels Access (INCLUDED FOR FREE),electronic,2,AU$ 82,Access your desktop applications like they were made for your iOS or Android device,1274,127.4,1401.4
Evelyn Wright,Lake Cheyennechester 83993,Saint Martin,584681,2022-09-24,AKD-68263261482,3,Parallels Toolbox (INCLUDED FOR FREE),electronic,5,AU$ 83,All-in-one solution with over 30 tools for macOS and Windows,1274,127.4,1401.4
Kathy Arnold,Wilsonmouth 14842,Swaziland,720558,2022-10-20,AKD-62154386739,1,Parallels Toolbox (INCLUDED FOR FREE),electronic,4,AU$ 160,All-in-one solution with over 30 tools for macOS and Windows,795,79.5,874.5
Kathy Arnold,Wilsonmouth 14842,Swaziland,720558,2022-10-20,AKD-62154386739,2,Parallels Access (INCLUDED FOR FREE),electronic,1,AU$ 155,Access your desktop applications like they were made for your iOS or Android device,795,79.5,874.5
Paula Jenkins,Gomezfurt 34920,Cyprus,926163,2022-06-09,AKD-26236306922,1,Parallels Access (INCLUDED FOR FREE),electronic,2,AU$ 199,Access your desktop applications like they were made for your iOS or Android device,1798,179.8,1977.8
Paula Jenkins,Gomezfurt 34920,Cyprus,926163,2022-06-09,AKD-26236306922,2,Parallels Access (INCLUDED FOR FREE),electronic,5,AU$ 115,Access your desktop applications like they were made for your iOS or Android device,1798,179.8,1977.8
Paula Jenkins,Gomezfurt 34920,Cyprus,926163,2022-06-09,AKD-26236306922,3,Parallels Toolbox (INCLUDED FOR FREE),electronic,5,AU$ 119,All-in-one solution with over 30 tools for macOS and Windows,1798,179.8,1977.8
Paula Jenkins,Gomezfurt 34920,Cyprus,926163,2022-06-09,AKD-26236306922,4,Parallels Toolbox (INCLUDED FOR FREE),electronic,2,AU$ 115,All-in-one solution with over 30 tools for macOS and Windows,1798,179.8,1977.8
Jerry Peterson,New Amberberg 64456,Venezuela,466262,2022-12-23,AKD-42782623242,1,Parallels Access (INCLUDED FOR FREE),electronic,2,AU$ 162,Access your desktop applications like they were made for your iOS or Android device,754,75.4,829.4
Jerry Peterson,New Amberberg 64456,Venezuela,466262,2022-12-23,AKD-42782623242,2,Parallels Toolbox (INCLUDED FOR FREE),electronic,5,AU$ 86,All-in-one solution with over 30 tools for macOS and Windows,754,75.4,829.4
Carolyn Ruiz,North Marystad 69417,Liberia,213786,2022-05-01,AKD-43517507337,1,Parallels Toolbox (INCLUDED FOR FREE),electronic,5,AU$ 65,All-in-one solution with over 30 tools for macOS and Windows,325,32.5,357.5
Margaret Haley,Mcclainshire 47112,Indonesia,508362,2023-01-25,AKD-32697004084,1,Parallels Desktop for Mac Pro Edition (1 Year),electronic,2,AU$ 99,Run Windows on your Mac! Duration: 12 month(s),1400,140.0,1540.0
Margaret Haley,Mcclainshire 47112,Indonesia,508362,2023-01-25,AKD-32697004084,2,Parallels Toolbox (INCLUDED FOR FREE),electronic,3,AU$ 77,All-in-one solution with over 30 tools for macOS and Windows,1400,140.0,1540.0
Margaret Haley,Mcclainshire 47112,Indonesia,508362,2023-01-25,AKD-32697004084,3,Parallels Access (INCLUDED FOR FREE),electronic,2,AU$ 52,Access your desktop applications like they were made for your iOS or Android device,1400,140.0,1540.0
Margaret Haley,Mcclainshire 47112,Indonesia,508362,2023-01-25,AKD-32697004084,4,Parallels Access (INCLUDED FOR FREE),electronic,2,AU$ 66,Access your desktop applications like they were made for your iOS or Android device,1400,140.0,1540.0
Margaret Haley,Mcclainshire 47112,Indonesia,508362,2023-01-25,AKD-32697004084,5,Parallels Toolbox (INCLUDED FOR FREE),electronic,5,AU$ 147,All-in-one solution with over 30 tools for macOS and Windows,1400,140.0,1540.0
Ashley Wells,Lake Samanthaview 29573,Liechtenstein,732365,2022-04-07,AKD-29257342419,1,Parallels Access (INCLUDED FOR FREE),electronic,2,AU$ 68,Access your desktop applications like they were made for your iOS or Android device,1492,149.2,1641.2
Ashley Wells,Lake Samanthaview 29573,Liechtenstein,732365,2022-04-07,AKD-29257342419,2,Parallels Desktop for Mac Pro Edition (1 Year),electronic,2,AU$ 197,Run Windows on your Mac! Duration: 12 month(s),1492,149.2,1641.2
Ashley Wells,Lake Samanthaview 29573,Liechtenstein,732365,2022-04-07,AKD-29257342419,3,Parallels Desktop for Mac Pro Edition (1 Year),electronic,5,AU$ 130,Run Windows on your Mac! Duration: 12 month(s),1492,149.2,1641.2
Ashley Wells,Lake Samanthaview 29573,Liechtenstein,732365,2022-04-07,AKD-29257342419,4,Parallels Toolbox (INCLUDED FOR FREE),electronic,4,AU$ 78,All-in-one solution with over 30 tools for macOS and Windows,1492,149.2,1641.2
Jennifer Miller,West Ninafurt 16747,Fiji,821237,2022-11-13,AKD-95156143743,1,Parallels Toolbox (INCLUDED FOR FREE),electronic,2,AU$ 165,All-in-one solution with over 30 tools for macOS and Windows,1286,128.6,1414.6
Jennifer Miller,West Ninafurt 16747,Fiji,821237,2022-11-13,AKD-95156143743,2,Parallels Access (INCLUDED FOR FREE),electronic,1,AU$ 178,Access your desktop applications like they were made for your iOS or Android device,1286,128.6,1414.6
Jennifer Miller,West Ninafurt 16747,Fiji,821237,2022-11-13,AKD-95156143743,3,Parallels Desktop for Mac Pro Edition (1 Year),electronic,1,AU$ 78,Run Windows on your Mac! Duration: 12 month(s),1286,128.6,1414.6
Jennifer Miller,West Ninafurt 16747,Fiji,821237,2022-11-13,AKD-95156143743,4,Parallels Desktop for Mac Pro Edition (1 Year),electronic,5,AU$ 140,Run Windows on your Mac! Duration: 12 month(s),1286,128.6,1414.6
Kathryn King,Port Alexander 04542,Iceland,339557,2022-05-29,AKD-58336514329,1,Parallels Access (INCLUDED FOR FREE),electronic,3,AU$ 157,Access your desktop applications like they were made for your iOS or Android device,471,47.1,518.1
